USE [DwInvoiceDb]
GO
SET IDENTITY_INSERT [dbo].[Product] ON 
GO
INSERT [dbo].[Product] ([Id], [Detail], [UnitPrice], [Stock]) VALUES (1, N'Lapiz', CAST(1 AS Numeric(18, 0)), 11)
GO
INSERT [dbo].[Product] ([Id], [Detail], [UnitPrice], [Stock]) VALUES (2, N'Cuaderno', CAST(22 AS Numeric(18, 0)), 100)
GO
INSERT [dbo].[Product] ([Id], [Detail], [UnitPrice], [Stock]) VALUES (3, N'bloc', CAST(5852 AS Numeric(18, 0)), 98)
GO
INSERT [dbo].[Product] ([Id], [Detail], [UnitPrice], [Stock]) VALUES (4, N'cuaderno 50hj', CAST(6029 AS Numeric(18, 0)), 63)
GO
INSERT [dbo].[Product] ([Id], [Detail], [UnitPrice], [Stock]) VALUES (5, N'cuaderno cuadriculado', CAST(1820 AS Numeric(18, 0)), 66)
GO
INSERT [dbo].[Product] ([Id], [Detail], [UnitPrice], [Stock]) VALUES (6, N'cuaderno rayado', CAST(2835 AS Numeric(18, 0)), 18)
GO
INSERT [dbo].[Product] ([Id], [Detail], [UnitPrice], [Stock]) VALUES (7, N'cuaderno ferrocarril', CAST(7424 AS Numeric(18, 0)), 94)
GO
INSERT [dbo].[Product] ([Id], [Detail], [UnitPrice], [Stock]) VALUES (8, N'cuaderno loro', CAST(580 AS Numeric(18, 0)), 96)
GO
INSERT [dbo].[Product] ([Id], [Detail], [UnitPrice], [Stock]) VALUES (9, N'cuaderno norma', CAST(7971 AS Numeric(18, 0)), 77)
GO
INSERT [dbo].[Product] ([Id], [Detail], [UnitPrice], [Stock]) VALUES (10, N'esfero', CAST(5910 AS Numeric(18, 0)), 9)
GO
INSERT [dbo].[Product] ([Id], [Detail], [UnitPrice], [Stock]) VALUES (11, N'lapix', CAST(3139 AS Numeric(18, 0)), 98)
GO
INSERT [dbo].[Product] ([Id], [Detail], [UnitPrice], [Stock]) VALUES (12, N'Esfero Cromado', CAST(2127 AS Numeric(18, 0)), 30)
GO
INSERT [dbo].[Product] ([Id], [Detail], [UnitPrice], [Stock]) VALUES (13, N'Esfero rojo', CAST(2189 AS Numeric(18, 0)), 54)
GO
INSERT [dbo].[Product] ([Id], [Detail], [UnitPrice], [Stock]) VALUES (14, N'cable usb', CAST(3490 AS Numeric(18, 0)), 35)
GO
INSERT [dbo].[Product] ([Id], [Detail], [UnitPrice], [Stock]) VALUES (15, N'tempera', CAST(5706 AS Numeric(18, 0)), 59)
GO
INSERT [dbo].[Product] ([Id], [Detail], [UnitPrice], [Stock]) VALUES (16, N'colores', CAST(7294 AS Numeric(18, 0)), 77)
GO
INSERT [dbo].[Product] ([Id], [Detail], [UnitPrice], [Stock]) VALUES (17, N'audifonos', CAST(1747 AS Numeric(18, 0)), 56)
GO
INSERT [dbo].[Product] ([Id], [Detail], [UnitPrice], [Stock]) VALUES (18, N'borrador', CAST(998 AS Numeric(18, 0)), 5)
GO
INSERT [dbo].[Product] ([Id], [Detail], [UnitPrice], [Stock]) VALUES (19, N'marcado', CAST(4352 AS Numeric(18, 0)), 24)
GO
INSERT [dbo].[Product] ([Id], [Detail], [UnitPrice], [Stock]) VALUES (20, N'regla', CAST(5885 AS Numeric(18, 0)), 35)
GO
SET IDENTITY_INSERT [dbo].[Product] OFF
GO
SET IDENTITY_INSERT [dbo].[Customer] ON 
GO
INSERT [dbo].[Customer] ([Id], [Name], [Surname], [BirthDate]) VALUES (1, N'Andrés Felipe', N'Paipilla Rojas', CAST(N'1989-02-12T00:00:00.000' AS DateTime))
GO
INSERT [dbo].[Customer] ([Id], [Name], [Surname], [BirthDate]) VALUES (2, N'Liliana', N'Acosta', CAST(N'1989-02-13T00:00:00.000' AS DateTime))
GO
INSERT [dbo].[Customer] ([Id], [Name], [Surname], [BirthDate]) VALUES (3, N'María', N'Sánchez', CAST(N'1989-02-14T00:00:00.000' AS DateTime))
GO
INSERT [dbo].[Customer] ([Id], [Name], [Surname], [BirthDate]) VALUES (6, N'Luz Angela', N'Rojas', CAST(N'1979-01-01T00:00:00.000' AS DateTime))
GO
SET IDENTITY_INSERT [dbo].[Customer] OFF
GO
SET IDENTITY_INSERT [dbo].[Invoice] ON 
GO
INSERT [dbo].[Invoice] ([Id], [CustomerId], [Date], [InvoiceSequence], [Prefix], [Deleted]) VALUES (1, 1, CAST(N'2000-02-11T11:31:37.013' AS DateTime), 1, N'FAC', 0)
GO
INSERT [dbo].[Invoice] ([Id], [CustomerId], [Date], [InvoiceSequence], [Prefix], [Deleted]) VALUES (2, 1, CAST(N'2000-11-06T11:31:45.567' AS DateTime), 2, N'FAC', 0)
GO
INSERT [dbo].[Invoice] ([Id], [CustomerId], [Date], [InvoiceSequence], [Prefix], [Deleted]) VALUES (3, 2, CAST(N'2021-11-06T11:33:22.720' AS DateTime), 3, N'FAC', 1)
GO
INSERT [dbo].[Invoice] ([Id], [CustomerId], [Date], [InvoiceSequence], [Prefix], [Deleted]) VALUES (4, 1, CAST(N'2000-11-03T11:33:24.460' AS DateTime), 5, N'FAC', 0)
GO
INSERT [dbo].[Invoice] ([Id], [CustomerId], [Date], [InvoiceSequence], [Prefix], [Deleted]) VALUES (5, 3, CAST(N'2021-11-06T11:33:25.237' AS DateTime), 6, N'FAC', 1)
GO
INSERT [dbo].[Invoice] ([Id], [CustomerId], [Date], [InvoiceSequence], [Prefix], [Deleted]) VALUES (6, 2, CAST(N'2021-11-06T11:33:26.037' AS DateTime), 7, N'FAC', 1)
GO
INSERT [dbo].[Invoice] ([Id], [CustomerId], [Date], [InvoiceSequence], [Prefix], [Deleted]) VALUES (7, NULL, CAST(N'2021-11-06T11:42:44.000' AS DateTime), 8, N'FAC', 1)
GO
INSERT [dbo].[Invoice] ([Id], [CustomerId], [Date], [InvoiceSequence], [Prefix], [Deleted]) VALUES (8, NULL, CAST(N'2021-11-06T12:48:18.450' AS DateTime), 9, N'FAC', 1)
GO
INSERT [dbo].[Invoice] ([Id], [CustomerId], [Date], [InvoiceSequence], [Prefix], [Deleted]) VALUES (9, NULL, CAST(N'2021-11-06T12:59:01.823' AS DateTime), 10, N'FAC', 1)
GO
INSERT [dbo].[Invoice] ([Id], [CustomerId], [Date], [InvoiceSequence], [Prefix], [Deleted]) VALUES (10, NULL, CAST(N'2021-11-06T19:16:16.070' AS DateTime), 11, N'FAC', 1)
GO
INSERT [dbo].[Invoice] ([Id], [CustomerId], [Date], [InvoiceSequence], [Prefix], [Deleted]) VALUES (11, NULL, CAST(N'2021-11-06T19:58:34.817' AS DateTime), 4, N'FAC', 1)
GO
INSERT [dbo].[Invoice] ([Id], [CustomerId], [Date], [InvoiceSequence], [Prefix], [Deleted]) VALUES (12, 3, CAST(N'2021-11-06T00:00:00.000' AS DateTime), 12, N'FAC', 1)
GO
INSERT [dbo].[Invoice] ([Id], [CustomerId], [Date], [InvoiceSequence], [Prefix], [Deleted]) VALUES (13, 2, CAST(N'2000-11-04T00:00:00.000' AS DateTime), 13, N'FAC', 0)
GO
INSERT [dbo].[Invoice] ([Id], [CustomerId], [Date], [InvoiceSequence], [Prefix], [Deleted]) VALUES (14, 2, CAST(N'2000-11-08T00:00:00.000' AS DateTime), 14, N'FAC', 0)
GO
INSERT [dbo].[Invoice] ([Id], [CustomerId], [Date], [InvoiceSequence], [Prefix], [Deleted]) VALUES (15, 2, CAST(N'2000-11-02T00:00:00.000' AS DateTime), 15, N'FAC', 0)
GO
INSERT [dbo].[Invoice] ([Id], [CustomerId], [Date], [InvoiceSequence], [Prefix], [Deleted]) VALUES (16, 1, CAST(N'2000-11-24T00:00:00.000' AS DateTime), 16, N'FAC', 0)
GO
INSERT [dbo].[Invoice] ([Id], [CustomerId], [Date], [InvoiceSequence], [Prefix], [Deleted]) VALUES (17, 2, CAST(N'2000-11-04T00:00:00.000' AS DateTime), 17, N'FAC', 0)
GO
INSERT [dbo].[Invoice] ([Id], [CustomerId], [Date], [InvoiceSequence], [Prefix], [Deleted]) VALUES (18, 1, CAST(N'2000-11-11T00:00:00.000' AS DateTime), 18, N'FAC', 0)
GO
INSERT [dbo].[Invoice] ([Id], [CustomerId], [Date], [InvoiceSequence], [Prefix], [Deleted]) VALUES (19, 3, CAST(N'2021-11-30T00:00:00.000' AS DateTime), 19, N'FAC', 1)
GO
INSERT [dbo].[Invoice] ([Id], [CustomerId], [Date], [InvoiceSequence], [Prefix], [Deleted]) VALUES (20, 2, CAST(N'2021-02-12T00:00:00.000' AS DateTime), 20, N'FAC', 1)
GO
INSERT [dbo].[Invoice] ([Id], [CustomerId], [Date], [InvoiceSequence], [Prefix], [Deleted]) VALUES (21, 3, CAST(N'2021-11-07T00:00:00.000' AS DateTime), 21, N'FAC', 0)
GO
SET IDENTITY_INSERT [dbo].[Invoice] OFF
GO
SET IDENTITY_INSERT [dbo].[InvoiceDetail] ON 
GO
INSERT [dbo].[InvoiceDetail] ([Id], [InvoiceId], [ProductId], [UnitPrice], [Quantity]) VALUES (1, 1, 1, CAST(1 AS Numeric(18, 0)), 2)
GO
INSERT [dbo].[InvoiceDetail] ([Id], [InvoiceId], [ProductId], [UnitPrice], [Quantity]) VALUES (2, 1, 2, CAST(1 AS Numeric(18, 0)), 1)
GO
INSERT [dbo].[InvoiceDetail] ([Id], [InvoiceId], [ProductId], [UnitPrice], [Quantity]) VALUES (3, 1, 7, CAST(8382 AS Numeric(18, 0)), 1)
GO
INSERT [dbo].[InvoiceDetail] ([Id], [InvoiceId], [ProductId], [UnitPrice], [Quantity]) VALUES (4, 15, 19, CAST(1991 AS Numeric(18, 0)), 8)
GO
INSERT [dbo].[InvoiceDetail] ([Id], [InvoiceId], [ProductId], [UnitPrice], [Quantity]) VALUES (5, 1, 8, CAST(6785 AS Numeric(18, 0)), 5)
GO
INSERT [dbo].[InvoiceDetail] ([Id], [InvoiceId], [ProductId], [UnitPrice], [Quantity]) VALUES (6, 14, 17, CAST(6752 AS Numeric(18, 0)), 5)
GO
INSERT [dbo].[InvoiceDetail] ([Id], [InvoiceId], [ProductId], [UnitPrice], [Quantity]) VALUES (7, 15, 9, CAST(8286 AS Numeric(18, 0)), 1)
GO
INSERT [dbo].[InvoiceDetail] ([Id], [InvoiceId], [ProductId], [UnitPrice], [Quantity]) VALUES (8, 2, 2, CAST(927 AS Numeric(18, 0)), 4)
GO
INSERT [dbo].[InvoiceDetail] ([Id], [InvoiceId], [ProductId], [UnitPrice], [Quantity]) VALUES (9, 10, 15, CAST(3303 AS Numeric(18, 0)), 3)
GO
INSERT [dbo].[InvoiceDetail] ([Id], [InvoiceId], [ProductId], [UnitPrice], [Quantity]) VALUES (10, 20, 15, CAST(6577 AS Numeric(18, 0)), 9)
GO
INSERT [dbo].[InvoiceDetail] ([Id], [InvoiceId], [ProductId], [UnitPrice], [Quantity]) VALUES (11, 5, 18, CAST(4737 AS Numeric(18, 0)), 3)
GO
INSERT [dbo].[InvoiceDetail] ([Id], [InvoiceId], [ProductId], [UnitPrice], [Quantity]) VALUES (12, 13, 11, CAST(3345 AS Numeric(18, 0)), 3)
GO
INSERT [dbo].[InvoiceDetail] ([Id], [InvoiceId], [ProductId], [UnitPrice], [Quantity]) VALUES (13, 13, 19, CAST(1457 AS Numeric(18, 0)), 6)
GO
INSERT [dbo].[InvoiceDetail] ([Id], [InvoiceId], [ProductId], [UnitPrice], [Quantity]) VALUES (14, 5, 1, CAST(5205 AS Numeric(18, 0)), 6)
GO
INSERT [dbo].[InvoiceDetail] ([Id], [InvoiceId], [ProductId], [UnitPrice], [Quantity]) VALUES (15, 12, 4, CAST(7940 AS Numeric(18, 0)), 5)
GO
INSERT [dbo].[InvoiceDetail] ([Id], [InvoiceId], [ProductId], [UnitPrice], [Quantity]) VALUES (16, 7, 10, CAST(6026 AS Numeric(18, 0)), 8)
GO
INSERT [dbo].[InvoiceDetail] ([Id], [InvoiceId], [ProductId], [UnitPrice], [Quantity]) VALUES (17, 12, 16, CAST(4772 AS Numeric(18, 0)), 9)
GO
INSERT [dbo].[InvoiceDetail] ([Id], [InvoiceId], [ProductId], [UnitPrice], [Quantity]) VALUES (18, 15, 5, CAST(5217 AS Numeric(18, 0)), 2)
GO
INSERT [dbo].[InvoiceDetail] ([Id], [InvoiceId], [ProductId], [UnitPrice], [Quantity]) VALUES (19, 15, 5, CAST(6679 AS Numeric(18, 0)), 4)
GO
INSERT [dbo].[InvoiceDetail] ([Id], [InvoiceId], [ProductId], [UnitPrice], [Quantity]) VALUES (20, 17, 8, CAST(5296 AS Numeric(18, 0)), 1)
GO
INSERT [dbo].[InvoiceDetail] ([Id], [InvoiceId], [ProductId], [UnitPrice], [Quantity]) VALUES (21, 7, 14, CAST(2599 AS Numeric(18, 0)), 4)
GO
INSERT [dbo].[InvoiceDetail] ([Id], [InvoiceId], [ProductId], [UnitPrice], [Quantity]) VALUES (22, 8, 18, CAST(72 AS Numeric(18, 0)), 6)
GO
INSERT [dbo].[InvoiceDetail] ([Id], [InvoiceId], [ProductId], [UnitPrice], [Quantity]) VALUES (23, 20, 15, CAST(286 AS Numeric(18, 0)), 2)
GO
INSERT [dbo].[InvoiceDetail] ([Id], [InvoiceId], [ProductId], [UnitPrice], [Quantity]) VALUES (24, 4, 4, CAST(2835 AS Numeric(18, 0)), 6)
GO
INSERT [dbo].[InvoiceDetail] ([Id], [InvoiceId], [ProductId], [UnitPrice], [Quantity]) VALUES (25, 11, 14, CAST(6367 AS Numeric(18, 0)), 5)
GO
INSERT [dbo].[InvoiceDetail] ([Id], [InvoiceId], [ProductId], [UnitPrice], [Quantity]) VALUES (26, 18, 6, CAST(7260 AS Numeric(18, 0)), 2)
GO
INSERT [dbo].[InvoiceDetail] ([Id], [InvoiceId], [ProductId], [UnitPrice], [Quantity]) VALUES (27, 5, 13, CAST(7622 AS Numeric(18, 0)), 2)
GO
INSERT [dbo].[InvoiceDetail] ([Id], [InvoiceId], [ProductId], [UnitPrice], [Quantity]) VALUES (28, 12, 4, CAST(466 AS Numeric(18, 0)), 7)
GO
INSERT [dbo].[InvoiceDetail] ([Id], [InvoiceId], [ProductId], [UnitPrice], [Quantity]) VALUES (29, 7, 4, CAST(7929 AS Numeric(18, 0)), 5)
GO
INSERT [dbo].[InvoiceDetail] ([Id], [InvoiceId], [ProductId], [UnitPrice], [Quantity]) VALUES (30, 19, 6, CAST(6535 AS Numeric(18, 0)), 6)
GO
INSERT [dbo].[InvoiceDetail] ([Id], [InvoiceId], [ProductId], [UnitPrice], [Quantity]) VALUES (31, 1, 12, CAST(1967 AS Numeric(18, 0)), 3)
GO
INSERT [dbo].[InvoiceDetail] ([Id], [InvoiceId], [ProductId], [UnitPrice], [Quantity]) VALUES (32, 2, 1, CAST(1849 AS Numeric(18, 0)), 7)
GO
INSERT [dbo].[InvoiceDetail] ([Id], [InvoiceId], [ProductId], [UnitPrice], [Quantity]) VALUES (33, 6, 6, CAST(663 AS Numeric(18, 0)), 6)
GO
INSERT [dbo].[InvoiceDetail] ([Id], [InvoiceId], [ProductId], [UnitPrice], [Quantity]) VALUES (34, 17, 4, CAST(4405 AS Numeric(18, 0)), 1)
GO
INSERT [dbo].[InvoiceDetail] ([Id], [InvoiceId], [ProductId], [UnitPrice], [Quantity]) VALUES (35, 19, 9, CAST(7705 AS Numeric(18, 0)), 7)
GO
INSERT [dbo].[InvoiceDetail] ([Id], [InvoiceId], [ProductId], [UnitPrice], [Quantity]) VALUES (36, 1, 13, CAST(4212 AS Numeric(18, 0)), 3)
GO
INSERT [dbo].[InvoiceDetail] ([Id], [InvoiceId], [ProductId], [UnitPrice], [Quantity]) VALUES (37, 3, 14, CAST(3762 AS Numeric(18, 0)), 3)
GO
INSERT [dbo].[InvoiceDetail] ([Id], [InvoiceId], [ProductId], [UnitPrice], [Quantity]) VALUES (38, 3, 15, CAST(1620 AS Numeric(18, 0)), 1)
GO
INSERT [dbo].[InvoiceDetail] ([Id], [InvoiceId], [ProductId], [UnitPrice], [Quantity]) VALUES (39, 3, 14, CAST(7302 AS Numeric(18, 0)), 6)
GO
INSERT [dbo].[InvoiceDetail] ([Id], [InvoiceId], [ProductId], [UnitPrice], [Quantity]) VALUES (40, 12, 12, CAST(4074 AS Numeric(18, 0)), 9)
GO
INSERT [dbo].[InvoiceDetail] ([Id], [InvoiceId], [ProductId], [UnitPrice], [Quantity]) VALUES (41, 3, 16, CAST(3806 AS Numeric(18, 0)), 7)
GO
INSERT [dbo].[InvoiceDetail] ([Id], [InvoiceId], [ProductId], [UnitPrice], [Quantity]) VALUES (42, 3, 13, CAST(711 AS Numeric(18, 0)), 4)
GO
INSERT [dbo].[InvoiceDetail] ([Id], [InvoiceId], [ProductId], [UnitPrice], [Quantity]) VALUES (43, 6, 10, CAST(8022 AS Numeric(18, 0)), 2)
GO
INSERT [dbo].[InvoiceDetail] ([Id], [InvoiceId], [ProductId], [UnitPrice], [Quantity]) VALUES (44, 2, 5, CAST(5906 AS Numeric(18, 0)), 3)
GO
INSERT [dbo].[InvoiceDetail] ([Id], [InvoiceId], [ProductId], [UnitPrice], [Quantity]) VALUES (45, 18, 6, CAST(1492 AS Numeric(18, 0)), 6)
GO
INSERT [dbo].[InvoiceDetail] ([Id], [InvoiceId], [ProductId], [UnitPrice], [Quantity]) VALUES (46, 13, 8, CAST(2079 AS Numeric(18, 0)), 3)
GO
INSERT [dbo].[InvoiceDetail] ([Id], [InvoiceId], [ProductId], [UnitPrice], [Quantity]) VALUES (47, 5, 2, CAST(1323 AS Numeric(18, 0)), 9)
GO
INSERT [dbo].[InvoiceDetail] ([Id], [InvoiceId], [ProductId], [UnitPrice], [Quantity]) VALUES (48, 6, 14, CAST(5778 AS Numeric(18, 0)), 9)
GO
INSERT [dbo].[InvoiceDetail] ([Id], [InvoiceId], [ProductId], [UnitPrice], [Quantity]) VALUES (49, 8, 14, CAST(7271 AS Numeric(18, 0)), 2)
GO
INSERT [dbo].[InvoiceDetail] ([Id], [InvoiceId], [ProductId], [UnitPrice], [Quantity]) VALUES (50, 5, 2, CAST(4272 AS Numeric(18, 0)), 3)
GO
INSERT [dbo].[InvoiceDetail] ([Id], [InvoiceId], [ProductId], [UnitPrice], [Quantity]) VALUES (51, 12, 5, CAST(345 AS Numeric(18, 0)), 8)
GO
INSERT [dbo].[InvoiceDetail] ([Id], [InvoiceId], [ProductId], [UnitPrice], [Quantity]) VALUES (52, 17, 6, CAST(1034 AS Numeric(18, 0)), 5)
GO
INSERT [dbo].[InvoiceDetail] ([Id], [InvoiceId], [ProductId], [UnitPrice], [Quantity]) VALUES (53, 20, 2, CAST(3486 AS Numeric(18, 0)), 7)
GO
INSERT [dbo].[InvoiceDetail] ([Id], [InvoiceId], [ProductId], [UnitPrice], [Quantity]) VALUES (54, 6, 12, CAST(5024 AS Numeric(18, 0)), 7)
GO
INSERT [dbo].[InvoiceDetail] ([Id], [InvoiceId], [ProductId], [UnitPrice], [Quantity]) VALUES (55, 5, 9, CAST(3046 AS Numeric(18, 0)), 3)
GO
INSERT [dbo].[InvoiceDetail] ([Id], [InvoiceId], [ProductId], [UnitPrice], [Quantity]) VALUES (56, 6, 12, CAST(7154 AS Numeric(18, 0)), 7)
GO
INSERT [dbo].[InvoiceDetail] ([Id], [InvoiceId], [ProductId], [UnitPrice], [Quantity]) VALUES (57, 7, 8, CAST(2169 AS Numeric(18, 0)), 5)
GO
INSERT [dbo].[InvoiceDetail] ([Id], [InvoiceId], [ProductId], [UnitPrice], [Quantity]) VALUES (58, 12, 7, CAST(6128 AS Numeric(18, 0)), 1)
GO
INSERT [dbo].[InvoiceDetail] ([Id], [InvoiceId], [ProductId], [UnitPrice], [Quantity]) VALUES (59, 9, 10, CAST(3198 AS Numeric(18, 0)), 5)
GO
INSERT [dbo].[InvoiceDetail] ([Id], [InvoiceId], [ProductId], [UnitPrice], [Quantity]) VALUES (60, 20, 9, CAST(7832 AS Numeric(18, 0)), 6)
GO
INSERT [dbo].[InvoiceDetail] ([Id], [InvoiceId], [ProductId], [UnitPrice], [Quantity]) VALUES (61, 15, 11, CAST(3564 AS Numeric(18, 0)), 4)
GO
INSERT [dbo].[InvoiceDetail] ([Id], [InvoiceId], [ProductId], [UnitPrice], [Quantity]) VALUES (62, 16, 6, CAST(8162 AS Numeric(18, 0)), 3)
GO
SET IDENTITY_INSERT [dbo].[InvoiceDetail] OFF
GO
